{"params":["g","K","alpha","p","mu_R","F","v"],"values":[0.0,0.0,2.700587383964376,0.0,1.350293691983334,0.0,0.0],"abs_values":[0.0,0.0,2.700587383964376,0.0,1.350293691983334,0.0,0.0]}